{
  "adaptive_stats": {
    "a": -15.281568961131178,
    "b": 0.5843046637831152,
    "c": 4.414811279089681
  },
  "k_params": {
    "k_base": 49.137269844118414,
    "k_low_thresh": 0.040673966425663226,
    "k_low": 72.04088310398171,
    "k_mid_thresh": 0.14869130642305248,
    "k_mid": 155.58390566177914
  },
  "baseline_avg": 84.76618212487665,
  "optimized_avg": 85.5296301712185,
  "per_round_baseline": {
    "6": 88.82320851971629,
    "7": 74.30911792665606,
    "8": 94.24260475425065,
    "9": 94.24939379961624,
    "10": 90.41434784382028,
    "11": 91.02056532398912,
    "12": 60.304036706087956
  },
  "per_round_optimized": {
    "6": 88.44491481135348,
    "7": 74.59148439492286,
    "8": 94.16614012833443,
    "9": 94.08010825239755,
    "10": 90.52821291099205,
    "11": 92.2672058287664,
    "12": 64.6293448717627
  }
}