{
  "adaptive_stats": {
    "a": -18.512980887123355,
    "b": 1.1960322752082253,
    "c": 4.585486599720936
  },
  "k_params": {
    "k_base": 79.93288035264744,
    "k_low_thresh": 0.07188775902471703,
    "k_low": 136.91894757854067,
    "k_mid_thresh": 0.08864784688617915,
    "k_mid": 129.35740922138692
  },
  "baseline_avg": 84.4772090337511,
  "optimized_avg": 85.5369362855489
}